date,tempmax,tempmin,temp,humidity,precipcover,preciptype,snow,snowdepth,windgust,windspeed,winddir,sealevelpressure,cloudcover,solarradiation,uvindex,description
2023-08-28,77,57.2,65.6,70.3,12.5,rain,0,0,19.7,7.9,295.2,1026.1,24.3,228.1,8,Partly cloudy throughout the day with rain.
2023-08-29,82.4,55.3,67.9,55.1,0,,0,0,12.8,6.7,86.6,1026.8,0,278.1,9,Clear conditions throughout the day.
2023-08-30,95,53.6,74,44.4,0,,0,0,15,7.6,171.8,1018.9,0,284.7,9,Clear conditions throughout the day.
2023-08-31,95.1,62.4,78.5,26.7,0,,0,0,12.8,6.9,179.2,1015.9,0,285.1,9,Clear conditions throughout the day.
2023-09-01,95.1,60.6,79.8,25.5,0,,0,0,15,12.4,346.9,1017.4,0,234.8,9,Clear conditions throughout the day.
2023-09-02,91.5,67.9,78.7,30.5,4.17,rain,0,0,22.7,13.4,236.4,1020.9,10.5,168.8,8,Clear conditions throughout the day with late afternoon rain.
2023-09-03,87.9,66.3,74.6,42.8,20.83,rain,0,0,27.7,8.9,233.8,1018.9,36.1,139.7,8,Partly cloudy throughout the day with rain.
2023-09-04,85.9,58.9,71.5,44.5,0,,0,0,42.5,26.2,254.9,1010.7,15.1,238.4,9,Clear conditions throughout the day.
2023-09-05,77.1,55.3,66.3,41.6,0,,0,0,25.3,11.1,89.8,1019.7,19.9,266,9,Clear conditions throughout the day.
2023-09-06,86.1,48.3,67.3,47.7,0,,0,0,12.8,7.7,34.7,1021.3,0,265.6,8,Clear conditions throughout the day.
2023-09-07,91.5,55.3,73.4,29.1,0,,0,0,23,15.7,259,1019.8,0,275.7,9,Clear conditions throughout the day.
2023-09-08,89.7,58.9,72.7,26.6,0,,0,0,16.1,7.9,172.9,1023.7,0,269.4,8,Clear conditions throughout the day.
2023-09-09,86,55.3,72.2,25,0,,0,0,17.2,9.8,17.3,1024.7,2,262.1,9,Clear conditions throughout the day.
2023-09-10,64.4,55.5,59.7,79.8,25,rain,0,0,15,11.2,12.2,1026.1,74.6,43.2,2,Partly cloudy throughout the day with rain.
2023-09-11,68.2,53.7,57.8,84.2,33.33,rain,0,0,9.2,9,6.1,1025.8,74,86.1,5,Partly cloudy throughout the day with rain.
2023-09-12,73.5,49.9,60.9,62.1,0,,0,0,12.8,7.9,170,1021.8,5.6,233.6,8,Clear conditions throughout the day.
2023-09-13,80.7,49.9,64.9,44.3,0,,0,0,12.8,7.8,346.7,1017.8,2.1,263.3,8,Clear conditions throughout the day.
2023-09-14,69.9,51.9,58.7,64.6,37.5,rain,0,0,21.2,11.4,36.4,1021.1,51.7,99.1,6,Partly cloudy throughout the day with rain.
2023-09-15,64.5,51.9,57.1,72.9,12.5,rain,0,0,9.2,4.5,199.4,1025.6,72.5,127.5,6,Partly cloudy throughout the day with rain clearing later.
2023-09-16,73.5,46.3,60.8,46.7,0,,0,0,11.4,7.8,232.9,1025.2,0,257.6,8,Clear conditions throughout the day.
2023-09-17,80.7,49.8,66.3,39.5,0,,0,0,11.4,8.9,206.7,1022.2,5.6,253.1,8,Clear conditions throughout the day.
2023-09-18,80.7,58.8,70.4,27.8,0,,0,0,24.2,14.6,261.5,1017.6,7.9,175.1,8,Clear conditions throughout the day.
2023-09-19,78.9,62.3,68.6,30.4,4.17,rain,0,0,24.2,14.5,250.6,1015.9,47.5,120.8,7,Partly cloudy throughout the day with late afternoon rain.
2023-09-20,78.9,49.9,64.2,41.3,0,rain,0,0,16.1,6.9,250.1,1015.7,7.7,193.7,8,Clear conditions throughout the day.
2023-09-21,78.9,51.7,64.4,42.4,0,,0,0,12.8,8,339.1,1015.3,4.1,205.8,8,Clear conditions throughout the day.
2023-09-22,78.9,53.6,64.4,44.7,0,,0,0,25.3,6.8,117,1015.4,10.6,242,8,Clear conditions throughout the day.
2023-09-23,78.8,53.5,64,29.8,0,,0,0,36.9,12.5,256.5,1016.4,0,229.3,8,Clear conditions throughout the day.
2023-09-24,77.1,44.5,60.4,33.2,0,,0,0,11.4,6.8,195.7,1021.1,0,244,8,Clear conditions throughout the day.
2023-09-25,80.7,46.2,63.6,31.4,0,,0,0,10.3,6.8,82.2,1024.5,0,240.5,8,Clear conditions throughout the day.
2023-09-26,80.7,49.8,64.4,32.8,0,,0,0,10.3,4.7,225.7,1023.1,0,234,8,Clear conditions throughout the day.
2023-09-27,86.1,49.8,66.9,37.3,0,,0,0,12.8,6.8,242.6,1018.6,0,231.8,8,Clear conditions throughout the day.
2023-09-28,87.9,51.6,69.5,29.7,0,,0,0,16.1,8.1,111.6,1014.1,0,216.3,8,Clear conditions throughout the day.
2023-09-29,80.7,51.6,66,37.8,0,,0,0,12.8,10,42,1015.1,0,218.8,7,Clear conditions throughout the day.
2023-09-30,80.7,46.4,64.5,39.3,0,rain,0,0,24.2,10.1,320.2,1014.8,2.2,183.4,7,Clear conditions throughout the day.
2023-10-01,84.3,60.7,71.5,27.7,0,,0,0,24.3,15.7,170.9,1013.1,2.1,181.7,7,Clear conditions throughout the day.
2023-10-02,78.9,51.7,64.5,39.3,4.17,rain,0,0,26.4,15.6,222.5,1014.3,30.1,162.5,8,Becoming cloudy in the afternoon with late afternoon rain.
2023-10-03,66.1,44.7,55.9,53.7,0,rain,0,0,24.2,14.5,273.2,1014.2,29.4,100.2,5,Partly cloudy throughout the day.
2023-10-04,71.6,48.2,57.3,39.1,0,rain,0,0,26.4,14.2,316.3,1019.6,30.3,174.2,7,Partly cloudy throughout the day.
2023-10-05,69.8,44.4,55.1,45.6,0,,0,0,12.8,7.6,353.3,1025.7,0.2,214.9,7,Clear conditions throughout the day.
2023-10-06,53.7,41,47.4,64.3,0,rain,0,0,17.2,6.9,139.7,1030.3,44.6,58.3,3,Partly cloudy throughout the day.
2023-10-07,71.6,37.3,53.2,53.7,0,,0,0,11.4,6.6,115,1026.1,0,215.3,7,Clear conditions throughout the day.
2023-10-08,77.1,44.4,60,37.5,0,,0,0,12.8,5.7,160.4,1021.2,0,215.8,7,Clear conditions throughout the day.
2023-10-09,80.6,44.4,61.2,35.6,0,,0,0,12.8,7.9,154.5,1015.7,0,207.4,7,Clear conditions throughout the day.
2023-10-10,80.6,46.3,64.5,25.7,0,,0,0,17.2,11.2,262.6,1008.7,9.7,183.8,7,Clear conditions throughout the day.
2023-10-11,69.8,48.3,57.5,47.1,20.83,rain,0,0,38,22,261.4,1001,53.4,91.1,7,Partly cloudy throughout the day with rain.
2023-10-12,59.1,42.7,49.4,59.4,20.83,rain,0,0.1,39.1,21.6,332.6,1002.5,68.4,94.5,5,Partly cloudy throughout the day with afternoon rain.
2023-10-13,55.5,33.9,44.7,53.3,0,,0,0.2,20.8,10.4,69.4,1020.8,22.8,203.3,7,Partly cloudy throughout the day.
2023-10-14,53.7,33.7,42.7,60.7,0,,0,0.2,9.2,6.8,90.8,1026.5,26.9,133.5,7,Partly cloudy throughout the day.
2023-10-15,66.3,32.1,49.8,52.8,0,,0,0.1,11.4,7.7,3.9,1028.9,0,198.1,7,Clear conditions throughout the day.
2023-10-16,73.5,40.8,56.4,43.1,0,,0,0.1,11.4,5.7,155.6,1026.1,0,195.5,7,Clear conditions throughout the day.
2023-10-17,82.6,46.1,63.2,34.9,4.17,rain,0,0,25.8,15.7,286.9,1016.9,0,198.6,7,Clear conditions throughout the day with morning rain.
2023-10-18,71.7,42.7,59.2,39.5,0,,0,0,36.9,14.4,208.6,1020.2,0,177.3,6,Clear conditions throughout the day.
2023-10-19,78.9,44.4,60.1,38.5,0,,0,0,12.8,6.9,175,1022.5,0,192.1,7,Clear conditions throughout the day.
2023-10-20,86,48,66.4,23.8,0,,0,0,16.1,7.7,192.7,1019.5,0,193.7,7,Clear conditions throughout the day.
2023-10-21,77.1,46.2,61.5,31.8,0,,0,0,12.8,7.7,348,1016.3,4.1,187.1,6,Clear conditions throughout the day.
2023-10-22,73.5,42.7,57.6,42.3,0,,0,0,17.2,5.8,112.5,1013.2,4,181.2,7,Clear conditions throughout the day.
2023-10-23,77,42.7,58.6,38.3,0,,0,0,12.8,6.6,306.2,1009.3,2,170.9,6,Clear conditions throughout the day.
2023-10-24,68,44.4,54.6,48.1,0,,0,0,10.3,5.6,193.2,1012.6,18.1,99,6,Clear conditions throughout the day.
2023-10-25,60.9,37.7,50.1,71.1,0,,0,0,11.4,6.8,5.7,1012.9,20.7,152.7,6,Clearing in the afternoon.
2023-10-26,46.4,37.4,41.9,91.7,0,rain,0,0,15,11,42.6,1012.2,75.1,30.2,2,Partly cloudy throughout the day.
2023-10-27,41.1,28.5,33.9,76.7,0,rain,0,0,16.1,9,46.1,1021.2,62,80.9,5,Partly cloudy throughout the day.
2023-10-28,32,26.6,28.4,83.4,45.83,"rain,snow",7.3,0.8,11.4,10.1,6.3,1021.1,82.8,31.5,2,Partly cloudy throughout the day with rain or snow.
2023-10-29,32.1,19.3,24.7,79.9,16.67,"rain,snow",10.7,5.6,10.3,6.8,329.7,1028.1,70.4,12,0,Partly cloudy throughout the day with a chance of rain or snow throughout the day.
2023-10-30,39.4,13.8,26.9,63.8,0,,0,3.3,16.1,4.8,237.7,1026,0,160.7,6,Clear conditions throughout the day.
2023-10-31,48.3,22.9,34.5,55.6,0,,0,0.6,16.1,5.7,269.5,1026.3,0,167.6,6,Clear conditions throughout the day.
2023-11-01,60.7,31.8,44.8,46.3,0,,0,0.9,16.1,14.4,239.9,1020.9,0,51.1,2,Clear conditions throughout the day.
2023-11-02,68.1,33.6,50.7,38.1,0,,0,0.2,27.5,11.2,218.4,1018.7,0,148.5,6,Clear conditions throughout the day.
2023-11-03,69.9,49.8,60.3,27.5,0,,0,0.1,28.9,19.7,276.9,1019.3,25.9,126.3,6,Partly cloudy throughout the day.
2023-11-04,66.3,37.3,51,47.4,0,,0,0.1,18.3,5.9,151.8,1022.2,0.1,153.2,6,Clear conditions throughout the day.
2023-11-05,77,44.5,60,30.9,0,,0,0.8,32.2,17.2,238.9,1014.3,0,144.1,6,Clear conditions throughout the day.
2023-11-06,71.4,41,54.9,33.2,0,,0,0.4,20.8,7.7,220.6,1012.2,0,138.5,6,Clear conditions throughout the day.
2023-11-07,73.5,44.3,56.3,31.9,0,,0,0.2,21.9,9.2,61.8,1009.2,7.9,161.4,6,Clear conditions throughout the day.
2023-11-08,44.7,35.7,39.7,77,29.17,"rain,snow",2.1,0.2,18.3,13.4,229.2,1019.2,89.4,39.1,4,Partly cloudy throughout the day with rain or snow.
2023-11-09,50.1,30.1,38.4,62,0,"rain,snow",0.4,0.9,11.4,6.8,177.7,1023.7,4.2,151.9,6,Clear conditions throughout the day.
2023-11-10,55.5,18.6,38.7,40.3,0,,0,1,27.7,11,192.1,1020.3,0,152.1,6,Clear conditions throughout the day.
2023-11-11,59.2,31.8,46.7,26.5,0,,0,1.3,25.3,14.6,244.2,1019.7,0,136.5,6,Clear conditions throughout the day.
2023-11-12,62.7,37.3,48.5,26.8,0,,0,1.1,12.8,7,287.1,1025.3,0,146.3,6,Clear conditions throughout the day.
2023-11-13,62.7,30,44.9,39.1,0,,0,0.9,11.4,4.5,208.7,1023.4,0,138.6,5,Clear conditions throughout the day.
2023-11-14,71.7,39.1,57,20.4,0,,0,0.6,20.8,12.2,253.1,1019.3,0,139.3,6,Clear conditions throughout the day.
2023-11-15,64.5,39.2,50.2,28.8,0,,0,0.6,11.4,5.5,230.8,1019.7,0,109,5,Clear conditions throughout the day.
2023-11-16,68.1,40.2,53.9,39.5,20.83,rain,0,0.4,39.7,27.2,265,1012.8,31.7,117.1,6,Partly cloudy throughout the day with late afternoon rain.
2023-11-17,59.1,35.7,46.1,69.7,0,,0,0.3,11.4,5.9,355.2,1019.4,36.5,133.3,5,Clearing in the afternoon.
2023-11-18,59,35.4,46.1,51.9,4.17,rain,0,0.2,25.3,5.8,249.9,1015.7,15.7,111.3,6,Clear conditions throughout the day with late afternoon rain.
2023-11-19,53.7,37.3,46.9,48.9,4.17,rain,0,0.2,20.8,9.9,272.3,1008.8,30.5,58.4,3,Becoming cloudy in the afternoon with early morning rain.
2023-11-20,48.3,35.6,43.1,48.9,0,"rain,snow",0,0.3,26.2,20.3,4.3,1022.4,86.4,33,2,Partly cloudy throughout the day.
2023-11-21,55.6,30,41.8,44.4,0,,0,0.8,12.8,5.7,179.4,1030,0.2,134.7,5,Clear conditions throughout the day.
2023-11-22,64.5,35.3,49.4,28.1,0,,0,0.7,16.1,9.8,266.4,1019.1,0,138.1,5,Clear conditions throughout the day.
2023-11-23,40.8,24.8,34.9,63.5,16.67,snow,2.7,0.4,17.2,8,53.3,1019.9,60.4,26.9,2,Partly cloudy throughout the day with late afternoon snow.
2023-11-24,23.1,17.6,20.3,93.1,0,snow,5.1,4.2,11.4,6.8,31.2,1021.6,100,7.4,0,Cloudy skies throughout the day.
2023-11-25,24.8,14.1,18.9,87.9,4.17,snow,2.7,7.1,11.4,5.8,26.7,1017.5,83.6,12.9,1,Partly cloudy throughout the day with early morning snow.
2023-11-26,35.7,12,24.3,65.9,4.17,"rain,snow",0,5,15,6.7,262.5,1021.7,3.3,132.6,5,Clear conditions throughout the day with morning rain or snow.
2023-11-27,42.8,13.8,29.4,59.1,0,,0,1.6,17.2,10.8,208.7,1022.9,0.1,128.3,5,Clear conditions throughout the day.
2023-11-28,46.5,26.2,37.2,43.4,0,,0,1.2,25.3,14.3,265.1,1021.4,0,129.8,5,Clear conditions throughout the day.
2023-11-29,51.8,26.2,36.2,42.6,0,,0,1.2,27.7,4.7,306.3,1012.6,1,98.8,4,Clear conditions throughout the day.
2023-11-30,35.7,26.4,31.1,57.1,0,,0,1,9.2,7.8,353.1,1010,10.3,102.1,5,Clear conditions throughout the day.
2023-12-01,37.5,22.9,28.6,82.9,0,"rain,snow",0.1,0.3,9.2,4.8,57.6,1007.6,14.1,89.2,5,Clear conditions throughout the day.
2023-12-02,41,22.9,34.8,44.1,4.17,"rain,freezingrain",0,0.8,58.8,40.2,268.3,1007.9,10.4,116.5,5,Clear conditions throughout the day with late afternoon rain.
2023-12-03,41,31.9,35.6,64.7,79.17,"rain,snow",1.1,0.2,28.9,15.9,222.5,1010.5,54.7,37.7,2,Partly cloudy throughout the day with a chance of rain or snow throughout the day.
2023-12-04,59.1,28.4,44.3,45.5,12.5,"rain,snow",0,0.8,40.3,19.5,326.6,1016.9,0.1,75.6,4,Clear conditions throughout the day with early morning snow or rain.
2023-12-05,60.7,30,43.7,61.9,0,,0,1.1,27.5,15.3,301.3,1024.4,0,113.1,5,Clear conditions throughout the day.
2023-12-06,64.4,33.5,45.3,46.7,0,,0,2.3,16.1,4.7,278.5,1019.6,0,120.7,5,Clear conditions throughout the day.
2023-12-07,60.9,35.4,51.2,27.5,0,,0,1.9,43.9,30.1,240.6,1006.1,12.4,121.8,5,Clear conditions throughout the day.
2023-12-08,44.7,28.5,36.5,58.8,25,"rain,snow",6.7,1.4,23,15.8,354.7,1009.9,54.7,47.1,2,Partly cloudy throughout the day with rain or snow.
2023-12-09,34.1,22.1,28.4,71.9,16.67,"rain,snow",2.4,2.5,33.3,6.5,226.6,1024.9,35.5,23.2,1,Clearing in the afternoon with rain or snow clearing later.
2023-12-10,49.7,18.1,37.9,46.9,8.33,"rain,freezingrain,snow",0,1.1,39.1,25.3,332.3,1017.3,14.1,84.7,4,Clear conditions throughout the day with rain or snow.
2023-12-11,46.8,32.4,39.5,61.6,12.5,"rain,snow",0,1.4,17.2,7.6,343,1019.9,50.9,94.6,5,Becoming cloudy in the afternoon with rain or snow.
2023-12-12,35.7,30.2,31.9,97.4,0,snow,0.1,1.1,9.2,5.6,12.6,1023.9,100,10,1,Cloudy skies throughout the day.
2023-12-13,34,30.3,32.4,91.2,0,"rain,snow",1.4,0.6,9.2,4.4,96.6,1028.2,99.5,21,1,Cloudy skies throughout the day.
2023-12-14,35.8,27.2,32.3,93.3,0,"rain,freezingrain,snow",0.1,0.9,12.8,4.3,348.7,1022.5,60.4,38.3,2,Partly cloudy throughout the day.
2023-12-15,51.3,27.8,37.2,59.9,0,,0,0.8,18.3,7.2,238.3,1024.8,2.3,106.7,5,Clear conditions throughout the day.
2023-12-16,62.2,29.8,46,32.5,0,,0,1.2,34.4,17.1,269.8,1020.7,0,112.6,5,Clear conditions throughout the day.
2023-12-17,62,33.9,49.6,22.5,0,,0,0.3,30,17.2,289.2,1022.2,0,116.8,5,Clear conditions throughout the day.
2023-12-18,47.5,28.3,37.3,45.5,0,,0,2.8,15,6.2,297.8,1019.6,0,58,5,Clear conditions throughout the day.
2023-12-19,63.3,45.8,53.9,22.7,0,,0,2.4,34.4,12.3,269.1,1013.3,2.7,79.7,3,Clear conditions throughout the day.
2023-12-20,60.8,39.6,47.9,40,0,,0,2,10.3,6.8,124.5,1017.2,30.6,94.5,5,Partly cloudy throughout the day.
2023-12-21,60.9,36.4,47,43.4,0,,0,1.7,15,8.5,273.2,1020.5,26.8,91.2,5,Partly cloudy throughout the day.
2023-12-22,55.6,32.3,41.4,49.5,0,,0,1.5,11.4,5,300.9,1018.3,0,105.9,5,Clear conditions throughout the day.
2023-12-23,52.3,34,42.5,55,4.17,"rain,snow",0.8,1.1,19.7,10,13.1,1007.9,68.9,53.3,3,Partly cloudy throughout the day with late afternoon rain or snow.
2023-12-24,33.3,21.2,28.7,72.7,16.67,"rain,snow",4.5,1.1,20.8,6.5,125.4,1017.8,82.1,27.7,2,Partly cloudy throughout the day with rain or snow clearing later.
2023-12-25,30.4,14.6,23.2,60.2,0,snow,0.1,1.2,24.2,7.3,230.3,1016.7,21.7,101.9,5,Becoming cloudy in the afternoon.
2023-12-26,41.1,26.6,35.3,45.6,0,"rain,snow",1.9,1.1,24.2,5.5,288.7,1012.1,100,29.9,2,Cloudy skies throughout the day.
2023-12-27,50.2,29.7,38.9,41.3,0,snow,0,1.6,21.9,8.5,88,1019.9,48.1,89.5,5,Clearing in the afternoon.
2023-12-28,49.5,23.6,34.4,40.7,0,,0,1.7,12.8,5.9,139.6,1022.7,0,116,5,Clear conditions throughout the day.
2023-12-29,55.4,29,39.4,31.3,0,,0,2.4,30,8,199.4,1023.1,0,116,5,Clear conditions throughout the day.
2023-12-30,53.7,30.7,39.3,37.6,0,,0,0.2,36.9,5.3,277.1,1018.7,0,115.5,5,Clear conditions throughout the day.
2023-12-31,41,28,33,59.5,0,,0,0.4,18.3,3.2,337.6,1019.6,0.2,78.5,5,Clear conditions throughout the day.
2024-01-01,55.5,24.5,38.6,54.7,0,,0,2.8,11.4,6.9,234.1,1019.9,19.9,85,5,Clear conditions throughout the day.
2024-01-02,46.6,26.4,35.7,55.6,0,,0,2.7,10.3,6.5,302.2,1020.9,5.8,113.6,5,Clear conditions throughout the day.
2024-01-03,46.6,26.1,34,52.8,0,,0,2.7,11.4,4.8,329.9,1016.9,0,109.9,5,Clear conditions throughout the day.
2024-01-04,32,24.9,28.7,77.2,0,"rain,snow",0.2,2.5,9.2,8.1,24.9,1012.8,70,50.2,3,Partly cloudy throughout the day.
2024-01-05,42.9,24.6,33.6,57.6,0,,0,2.8,12.8,5.9,170,1011,69.5,114.4,5,Partly cloudy throughout the day.
2024-01-06,41.2,21,31.8,40.6,0,snow,0.6,2.8,24.2,11.7,239.2,1009.8,8.4,119.4,5,Clear conditions throughout the day.
2024-01-07,37.7,23,30.3,37.7,0,"rain,snow",0.2,2.7,12.8,8.1,343.7,1002,58,77.9,5,Partly cloudy throughout the day.
2024-01-08,32.2,20.9,26.8,56.3,0,"rain,snow",4.5,0.5,27.7,16.1,8.6,1009.7,55.7,105.2,5,Partly cloudy throughout the day.
2024-01-09,44.2,12,29.3,41.7,0,,0,1.1,40.3,22.3,285.4,1004.2,3.5,84.1,4,Clear conditions throughout the day.
2024-01-10,37.6,28.2,33.3,30.1,0,"rain,freezingrain,snow",0.4,1.4,48.1,33.2,260.8,998.5,15.7,105.9,5,Clear conditions throughout the day.
2024-01-11,28.4,8.4,21,53.6,0,snow,0.4,1.4,18.3,13.9,55,1000.8,29.4,58.8,3,Partly cloudy throughout the day.
2024-01-12,34,5.1,23.3,41.3,0,snow,1.2,1,40.3,22.9,263.2,1003.2,50.4,107.4,5,Partly cloudy throughout the day.
2024-01-13,3.2,-9.4,-3.7,65.2,0,snow,3.6,2.2,21.9,8,36.3,1011.7,83.3,31.4,2,Partly cloudy throughout the day.
2024-01-14,8.8,-5.6,0,67.9,0,snow,4.6,3.4,9.2,5.4,25.9,1010.5,73.4,39.8,2,Partly cloudy throughout the day.
2024-01-15,3.4,-9.6,-1.5,68.1,0,snow,5,5.5,23,10.7,22.1,1018.7,56.6,8.6,0,Partly cloudy throughout the day.
2024-01-16,38.1,-8,16.1,51.6,4.17,"rain,snow",0,4.2,40.3,16.1,241.6,1013.2,0,128.7,7,Clear conditions throughout the day with afternoon rain or snow.
2024-01-17,43.1,21,35,42.4,0,rain,0,1.9,34.4,11.2,348.1,1004.6,9.7,102.2,5,Clear conditions throughout the day.
2024-01-18,48.5,12.3,31.3,53.9,0,"freezingrain,snow",1,2.6,58.9,35.2,322,1015.1,45.7,80.8,5,Becoming cloudy in the afternoon.
2024-01-19,32.3,14.1,23.5,64.9,0,snow,0,2,9.2,8.6,234.9,1024.7,45.5,89,5,Partly cloudy throughout the day.
2024-01-20,35.9,19.3,26,73.1,0,,0,0.8,8.1,3.1,341,1015.5,9.8,82,6,Clear conditions throughout the day.
2024-01-21,46.8,26.4,39.4,58.4,0,,0,1,12.8,8.9,315.1,1008.8,33.4,49.1,2,Becoming cloudy in the afternoon.
2024-01-22,50.4,31.8,39.5,61.6,0,,0,1.5,9.2,4.8,249.9,1011.8,33.7,106.5,5,Becoming cloudy in the afternoon.
2024-01-23,50.2,31.5,39.4,68,0,,0,1.8,9.2,8.1,312.4,1013.4,57.3,114.7,5,Becoming cloudy in the afternoon.
2024-01-24,50.2,29.8,37.8,68.7,0,,0,5.8,11.4,5.9,177.5,1014.6,61.5,62.6,3,Partly cloudy throughout the day.
2024-01-25,48.5,28,37.6,61.3,0,,0,5.6,11.4,8.1,327.2,1014.7,22.3,115.6,5,Partly cloudy throughout the day.
2024-01-26,43.3,31.9,36.9,80.5,4.17,"rain,snow",0.8,0.8,9.2,7.5,266.4,1022.7,92.5,61.6,3,Cloudy skies throughout the day with early morning snow or rain.
2024-01-27,50.3,28,37.4,47,0,,0,1.8,15,6.5,259.7,1025.9,0,149.4,6,Clear conditions throughout the day.
2024-01-28,61,29.8,42.9,43.9,0,,0,5.4,18.3,6.9,319.6,1026.2,0,150.4,6,Clear conditions throughout the day.
2024-01-29,61,31.7,45.2,49.1,0,,0,0.2,12.8,5.7,240.9,1026.9,0,136.4,6,Clear conditions throughout the day.
2024-01-30,61,31.5,44.7,48.9,4.17,rain,0,0.4,11.4,5.9,228.6,1023.7,0,155,6,Clear conditions throughout the day with afternoon rain.
2024-01-31,62.7,31.5,44.6,37.6,0,,0,5.1,16.1,5.7,255.4,1018,1.9,128.1,6,Clear conditions throughout the day.
2024-02-01,62.8,35.4,47,36.6,0,,0,4.9,24.2,6.7,33.3,1011.4,0.1,155.9,6,Clear conditions throughout the day.
2024-02-02,50.2,33.3,40.8,52.2,0,,0,5.7,9.2,6.9,325,1003,42.5,99.6,5,Partly cloudy throughout the day.
2024-02-03,37.7,32.1,34.7,98.5,75,"rain,snow",17.2,3.1,17.2,9.4,336.9,1001.4,99.8,6.1,0,Cloudy skies throughout the day with a chance of rain or snow throughout the day.
2024-02-04,33.8,25,30.5,99.2,12.5,"rain,snow",0.4,5.3,11.4,5.4,278.7,1015.8,55.4,125.4,6,Partly cloudy throughout the day with morning rain or snow.
2024-02-05,41.3,22.8,31.9,83.3,0,,0,2.5,6.9,3.4,209.6,1017.5,0,154.2,6,Clear conditions throughout the day.
2024-02-06,52,30.1,38.3,69.9,0,,0,0.9,9.2,5.4,213.7,1010.6,5.8,101.3,5,Clear conditions throughout the day.
2024-02-07,50,28.2,37.7,61.9,0,rain,0,1.4,43.6,13.4,277.8,997.7,6.2,70.9,3,Clear conditions throughout the day.
2024-02-08,50.3,28.6,41.5,38,0,,0,1.5,49.4,11.6,89.2,1002.7,14.7,152.3,7,Clear conditions throughout the day.
2024-02-09,43.2,25.6,33.4,69,4.17,"rain,snow",3.3,1.4,9.2,9.4,68.8,1009.8,63.4,95.1,6,Partly cloudy throughout the day with late afternoon rain or snow.
2024-02-10,32.1,26.6,29.5,91.1,4.17,snow,6.6,1.4,12.8,10.2,16.7,1014.9,100,49,3,Cloudy skies throughout the day with morning snow.
2024-02-11,37.7,17.7,28.7,65.4,8.33,"rain,snow",0,1.7,10.3,5.7,169.1,1017.7,22.8,178,6,Partly cloudy throughout the day with rain or snow in the morning and afternoon.
2024-02-12,50.2,26.3,37,47.8,0,,0,0.7,12.8,7.2,119.8,1014.7,25.1,166.8,6,Clearing in the afternoon.
2024-02-13,53.5,31.6,39.9,45.4,0,,0,1.5,18.3,8.8,75.1,1013.9,13.6,178.7,7,Clear conditions throughout the day.
2024-02-14,50.2,26.5,37.1,57.7,0,,0,1.4,24.2,15.1,306.2,1013.1,23.5,185.8,8,Becoming cloudy in the afternoon.
2024-02-15,44.7,28.4,33.5,86.3,0,snow,0.5,0.4,25.3,10.2,41.7,1014.7,62.7,128.2,7,Clearing in the afternoon.
2024-02-16,32,17.7,25.9,91.1,8.33,snow,8.9,1,12.8,14.7,26.5,1020.7,100,23.5,1,Cloudy skies throughout the day with snow.
2024-02-17,35.9,12.4,24.9,68.3,8.33,snow,1.5,2.6,11.4,6.8,179.2,1023.6,25,205,7,Clearing in the afternoon with snow clearing later.
2024-02-18,44.3,19.2,34.3,53.5,0,snow,0,0.8,30,17.5,265.7,1013.2,15.6,120.8,6,Clear conditions throughout the day.
2024-02-19,57.4,37.4,46.7,30.7,0,,0,1.4,38,11.3,69.1,1014.2,0,181,7,Clear conditions throughout the day.
2024-02-20,64.7,33.7,52,34.8,0,,0,1,34.4,20.5,251.1,1016.3,0.3,180.7,7,Clear conditions throughout the day.
2024-02-21,61,35.2,47.1,46.6,0,,0,1.2,25.3,14.3,2,1012.1,0.3,171.6,7,Clear conditions throughout the day.
2024-02-22,43,35.4,37.9,73.2,20.83,"rain,snow",0.2,6.2,23,14,319,1019.4,58.1,68.9,4,Partly cloudy throughout the day with rain or snow in the morning and afternoon.
2024-02-23,53.8,33.4,42.8,28.7,0,,0,6.6,39.1,16.6,298.3,1021,0,203.1,7,Clear conditions throughout the day.
2024-02-24,62.7,29.9,47.4,23.8,0,,0,6.3,38,15.4,252,1015,0,201.4,7,Clear conditions throughout the day.
2024-02-25,62.8,46.8,55.1,14.7,0,,0,6,55.7,39.7,256.9,1010.7,0,206.3,7,Clear conditions throughout the day.
2024-02-26,61,46.8,54.7,22.6,0,,0,5.8,50.6,27.5,246.2,1004.8,17.5,199.4,7,Clear conditions throughout the day.
2024-02-27,46.5,26.7,35.2,49.8,8.33,"rain,snow",2,2.3,36.9,17,283.6,1003.9,59.3,96.4,7,Partly cloudy throughout the day with morning rain or snow.
2024-02-28,55.5,19.4,38.5,25.7,0,,0,1.7,30,21.7,252,1016.4,0,214.1,8,Clear conditions throughout the day.
2024-02-29,64.4,29.9,46.5,26.7,0,,0,6.2,25.1,16,233.5,1012.6,0,217.4,7,Clear conditions throughout the day.
2024-03-01,64.4,43.2,54.2,20.6,0,,0,6,28.9,14.9,255.3,1009.2,0,214.5,7,Clear conditions throughout the day.
2024-03-02,68.2,35.3,53.3,24.2,0,rain,0,5.5,29.8,16.6,213.9,1001.6,14,184.1,8,Clear conditions throughout the day.
2024-03-03,48.5,32,40.3,44,8.33,"rain,freezingrain,snow",0.6,1.9,28.9,18.8,245.7,1002.3,55.6,161.8,6,Partly cloudy throughout the day with early morning snow or rain.
2024-03-04,46.6,26.5,36.7,49,0,"rain,snow",0.3,1.8,27.5,11.3,169.3,1010.1,45.8,151.4,6,Becoming cloudy in the afternoon.
2024-03-05,46.6,26.6,36.8,49.5,0,,0,6.8,18.3,10.3,149.7,1014.9,42.3,194.3,8,Partly cloudy throughout the day.
2024-03-06,59.1,27.2,43.3,47.8,0,snow,0,6.8,30,20.5,278.6,1008.7,33.2,237.5,8,Becoming cloudy in the afternoon.
2024-03-07,44.6,30.2,36.2,83.3,0,"rain,snow",1.9,0.1,12.8,6.9,48.7,1010.9,95,30.5,2,Cloudy skies throughout the day.
2024-03-08,32.1,28.2,29.9,91.4,4.17,"rain,snow",4,0.2,11.4,5.9,45,1021.1,77.1,51.2,3,Partly cloudy throughout the day with morning rain or snow.
2024-03-09,53.7,26.3,39.2,43.2,0,,0,0.7,15,9,214.3,1020.1,0,233.9,8,Clear conditions throughout the day.
2024-03-10,64.5,31.6,48.3,25.4,0,,0,1.2,18.3,12.5,248.2,1016.2,0,244,8,Clear conditions throughout the day.
2024-03-11,64.5,37.1,50.2,21.3,0,,0,7.5,24.2,10.5,204.1,1012.7,12,146.8,8,Clear conditions throughout the day.
2024-03-12,59.2,35.5,50.1,33,0,,0,7.2,21.9,12.5,255.2,1011,29,86.8,4,Partly cloudy throughout the day.
2024-03-13,46.6,32.1,42.4,72.8,20.83,"rain,snow",0.8,0.5,20.8,11.4,344.2,1008.9,89.1,86,5,Partly cloudy throughout the day with rain or snow.
2024-03-14,33.9,32.1,32.6,98.4,91.67,snow,28.7,8.7,25.3,8.1,339.4,1020.1,100,28.2,1,Cloudy skies throughout the day with a chance of snow throughout the day.
2024-03-15,41.1,31.9,34.7,88.8,25,"rain,snow",11.6,13.3,19.7,11.4,345.2,1024,67.3,100.1,5,Partly cloudy throughout the day with rain or snow clearing later.
2024-03-16,46.6,30.2,39,65.3,0,,0,8.1,12.8,8,278.9,1021.3,36.6,222.6,9,Partly cloudy throughout the day.
2024-03-17,46.5,35.6,40.4,62.3,0,,0,2.8,11.4,5.8,331.4,1022.9,92.6,149.3,10,Cloudy skies throughout the day.
2024-03-18,55.6,30.2,42.7,55.7,0,,0,1.2,12.8,9.1,185.7,1022.9,0,255,8,Clear conditions throughout the day.
2024-03-19,61,35.4,49.5,37,0,,0,1.1,12.8,8,191.1,1017.4,0.1,252,8,Clear conditions throughout the day.
2024-03-20,59.1,35.6,46.9,46.2,0,,0,1,12.8,9,237.2,1015.7,2,252.8,8,Clear conditions throughout the day.
2024-03-21,65.7,33.7,50.5,40.3,0,,0,1,24.2,16,280.5,1012.6,3.5,260.6,8,Clear conditions throughout the day.
2024-03-22,64.3,32,48.7,45.1,0,,0,1,21.9,14.7,231.3,1017.6,7.6,220.3,8,Clear conditions throughout the day.
2024-03-23,60.8,33.8,46.3,51.8,0,rain,0,1,19.7,7.8,47.5,1007.8,18.1,168.9,9,Clear conditions throughout the day.
2024-03-24,57.1,26.6,38.4,79.7,29.17,"rain,snow",4.7,1.6,34.4,15,16.4,995.7,47.4,128.5,7,Becoming cloudy in the afternoon with rain or snow.
2024-03-25,32.1,19.5,26.3,80.5,8.33,"rain,snow",13.2,6.6,20.8,5.6,93.3,1004.9,73.9,125,9,Partly cloudy throughout the day with morning rain or snow.
2024-03-26,41.1,21.1,30.3,75.8,0,"rain,snow",0,3.5,11.4,4.7,62.4,1007.9,12.9,235.3,9,Clear conditions throughout the day.
2024-03-27,53.7,30.2,40.7,48.9,0,"rain,snow",0.1,1.3,24.1,18.3,255.8,1014.5,7.7,276.8,10,Clear conditions throughout the day.
2024-03-28,64.5,32,48.2,35.6,0,,0,1.2,25.3,15.9,237.9,1011.3,2.1,233.8,7,Clear conditions throughout the day.
2024-03-29,51.6,37.3,42.7,66.3,12.5,"rain,snow",0.1,0.2,25.3,11.2,19.3,1010.4,63.1,72.8,5,Partly cloudy throughout the day with rain or snow.
2024-03-30,55.6,37.4,45.7,71.1,0,rain,0,3,33.3,5.8,337.7,1009.7,50.8,179.7,8,Clearing in the afternoon.
2024-03-31,51.6,35.6,43.6,68.2,0,rain,0,13.8,24.2,7.9,333.8,1004.4,59.8,126.8,9,Partly cloudy throughout the day.
2024-04-01,51.8,35.6,41.1,83.4,29.17,"rain,snow",1.4,9.2,25.3,16,18.1,1009,92.6,134.4,9,Cloudy skies throughout the day with rain or snow.
2024-04-02,59.1,32,45.9,54.2,0,snow,1.1,0.1,18.3,7,42.8,1019.7,7.6,281.7,9,Clear conditions throughout the day.
2024-04-03,69.9,44.3,57.7,26.8,0,,0,0.5,21.9,14.4,268.3,1018,24.4,231.8,10,Becoming cloudy in the afternoon.
2024-04-04,73.5,42.6,58.1,27.9,0,,0,11,13.9,10.2,238.4,1012.8,0,287.9,9,Clear conditions throughout the day.
2024-04-05,73.5,44.6,58.4,30.4,0,,0,11.8,28.8,20.5,166.4,1004.8,0,231.5,9,Clear conditions throughout the day.
2024-04-06,58.9,38,46.6,25,0,"rain,snow",0,5.9,88.6,54.1,271.2,997.3,59.4,131.5,5,Partly cloudy throughout the day.
2024-04-07,57.2,31.9,41.9,19.4,0,snow,0,8.1,86.3,51.7,274.8,1006.4,34.2,286,9,Partly cloudy throughout the day.
2024-04-08,57.3,32,44.1,32.2,0,,0,11.6,18.3,11.2,24,1013.7,17.7,244.7,9,Clear conditions throughout the day.
2024-04-09,60.9,31.9,46.4,39.8,0,,0,11.4,13.9,7.9,51.7,1016.4,6.3,291.4,9,Clear conditions throughout the day.
2024-04-10,55.6,41,49.1,41.6,0,rain,0,11.1,24.2,10.4,359.7,1019.3,78.7,171.5,7,Partly cloudy throughout the day.
2024-04-11,60.9,37.5,49,44.2,0,rain,0,10.1,16.1,8,61.1,1020.7,31.3,292.1,9,Clearing in the afternoon.
2024-04-12,77.1,37.2,57.6,30.1,0,,0,9.9,15,8.1,132.8,1017.2,4.1,281.5,9,Clear conditions throughout the day.
2024-04-13,77,49.7,63.8,23.1,0,,0,8.7,21.9,11.2,331.3,1014.9,6.1,143.8,8,Clear conditions throughout the day.
2024-04-14,80.7,46.2,65.5,22.5,0,,0,7.5,21.9,10.3,136.6,1013.5,0,301.2,9,Clear conditions throughout the day.
2024-04-15,73.5,46.1,57.8,24.2,0,rain,0,6.4,40.3,18.4,231,1003.3,24.5,247.7,10,Partly cloudy throughout the day.
2024-04-16,66.3,46.5,56.8,33.9,0,rain,0,3.2,34.4,25,274,1007.8,37.5,255.3,9,Partly cloudy throughout the day.
2024-04-17,73.4,39.3,58.7,34.3,0,rain,0,5.8,36.9,20.7,265.6,1013.1,42.7,196.3,7,Partly cloudy throughout the day.
2024-04-18,37.5,32.1,33,96.5,20.83,snow,2,0.5,20.8,10.2,38,1023.5,100,42.4,3,Cloudy skies throughout the day with snow.
2024-04-19,39.3,32,33.5,99.2,33.33,"rain,snow",1.8,0.9,18.4,13.9,357.4,1023.6,100,61.2,3,Cloudy skies throughout the day with rain or snow.
2024-04-20,35.6,30.3,32.1,98.4,41.67,"rain,snow",9.8,4.4,11.4,9,6.1,1026.3,100,47.1,2,Cloudy skies throughout the day with rain or snow clearing later.
2024-04-21,62.7,32.1,43.6,72.3,0,freezingrain,0,2.1,11.4,6.9,159.5,1023.4,26,315.6,9,Partly cloudy throughout the day.
2024-04-22,73.5,42.8,60.6,34.5,0,,0,0.7,29,20.7,269,1011.8,28.8,212.7,8,Partly cloudy throughout the day.
2024-04-23,60.6,44.7,52.8,43.2,8.33,rain,0,2.2,25.3,8.8,44.7,1019,50.5,259.6,9,Partly cloudy throughout the day with late afternoon rain.
2024-04-24,71.7,42.7,57.1,57.5,0,,0,5.5,10.3,10.1,327.3,1015.9,4.3,282.2,10,Clear conditions throughout the day.
2024-04-25,68.1,44.6,55.6,59.2,4.17,rain,0,4.9,32.2,17.3,271.2,1008.2,58.6,205.9,10,Partly cloudy throughout the day with late afternoon rain.
2024-04-26,69.8,42.9,54.9,54.9,20.83,rain,0,3.8,30,21.3,313.7,1003.4,63.2,226.1,10,Becoming cloudy in the afternoon with late afternoon rain.
2024-04-27,44.7,35.8,39.6,99.4,50,rain,6.3,0.3,26.4,17.9,356.7,1011,100,43.7,2,Cloudy skies throughout the day with rain or snow.
2024-04-28,61.7,35.8,47.3,70.8,4.17,"rain,snow",0.1,1.4,24,20.7,247.2,1012.4,71.5,283.2,9,Partly cloudy throughout the day with early morning snow or rain.
2024-04-29,66.2,42.7,55.2,40.5,0,,0,4.1,25.3,19.6,244.4,1012.7,24.1,250.1,9,Becoming cloudy in the afternoon.
2024-04-30,71.9,46.3,58.9,35,0,rain,0,3.3,44,23.3,226.5,1009.9,18,343.7,10,Clear conditions throughout the day.
2024-05-01,62.7,40.9,52.6,44.4,0,rain,0,3.1,34.4,16.2,359.4,1010.4,39.4,181.5,9,Partly cloudy throughout the day.
2024-05-02,61,40.9,51.3,38.5,0,,0,1.9,34.4,12.5,149.9,1013.4,12.9,284.5,10,Clear conditions throughout the day.
2024-05-03,71.7,39.1,51.7,47.1,0,,0,0,32.2,20.9,48.2,1012.2,28,213.5,7,Partly cloudy throughout the day.
2024-05-04,62.6,37.5,48.5,51.4,0,"rain,snow",0,0,15,6.6,122.8,1018.3,55.6,275.8,9,Partly cloudy throughout the day.
2024-05-05,69.9,40.8,54.7,52.4,0,,0,0,25.3,10.2,170,1005.8,8.1,204,10,Clear conditions throughout the day.
2024-05-06,60.9,44.9,51.2,32.3,0,"rain,snow",0,0,50.8,30,237.4,998,24.5,189.1,9,Partly cloudy throughout the day.
2024-05-07,53.7,42.8,47.4,37,0,"rain,snow",0,0,43.6,21.9,246.1,1003.5,29.7,236.3,7,Partly cloudy throughout the day.
2024-05-08,57.3,39.3,48.4,26.5,0,,0,0,46.1,19,284.6,1008.4,2.5,356.1,10,Clear conditions throughout the day.
2024-05-09,53.8,42.8,46.9,52.7,0,rain,0,0,19.7,10.2,352.3,1021.2,85.3,118.2,4,Partly cloudy throughout the day.
2024-05-10,59.1,42.9,49.2,64.7,4.17,rain,0,0.1,9.2,5.9,197.3,1025.1,73.8,122.4,4,Partly cloudy throughout the day with early morning rain.
2024-05-11,64.5,39,52.2,54.3,0,rain,0,0,18.3,11,266.9,1016.5,13.6,234.7,9,Clear conditions throughout the day.
2024-05-12,62.7,50,55.1,60,8.33,rain,0,0,20.8,13.4,191.5,1013,63.8,199.8,10,Partly cloudy throughout the day with morning rain.
2024-05-13,71.8,46.3,59.9,43.8,4.17,rain,0,0,13.9,8,209.4,1014.6,34.3,266.1,10,Partly cloudy throughout the day with afternoon rain.
2024-05-14,75.3,55.3,65.1,31.7,0,rain,0,0,38,22.9,268.9,1012.4,29.9,231.5,10,Partly cloudy throughout the day.
2024-05-15,64.6,46.3,57.1,56.2,0,rain,0,0,20.8,12.5,31.9,1015.9,60.4,242,8,Partly cloudy throughout the day.
2024-05-16,73.6,44.6,61.3,47.5,0,rain,0,0,15,7.9,114,1013.7,9.8,352.9,10,Clear conditions throughout the day.
2024-05-17,80.8,56.9,70.1,23.6,0,,0,0,25.3,17.2,265.7,1009.4,2.1,318.7,10,Clear conditions throughout the day.
2024-05-18,73.6,53.6,63.6,36.3,0,,0,0,29.3,16.3,258.6,1015.2,8.3,230.6,8,Clear conditions throughout the day.
2024-05-19,77.1,55.2,66.9,33.3,0,rain,0,0,47.2,35.3,253.8,1012,17.1,298.4,10,Clear conditions throughout the day.
2024-05-20,64.5,48.2,56.7,53.7,0,rain,0,0,26.4,17.2,20.8,1012.7,42.8,202.9,9,Partly cloudy throughout the day.
2024-05-21,60.9,44.6,50.8,63.4,12.5,rain,0,0,24.2,17,124.4,1012.6,60.8,156.4,4,Partly cloudy throughout the day with early morning rain.
2024-05-22,73.4,40.8,57.4,29.2,0,,0,0,25.3,13.5,191.3,1013.5,0,326.4,9,Clear conditions throughout the day.
2024-05-23,80.7,44.4,61.5,32.9,0,,0,0,35.8,23.6,253,1006,0,335.5,10,Clear conditions throughout the day.
2024-05-24,73.5,39.1,57.4,29.2,0,,0,0,31.1,18,225.1,1012.1,0.1,365,10,Clear conditions throughout the day.
2024-05-25,73.3,49.9,59.5,38,4.17,rain,0,0,35.8,15.1,306,1007.3,21.4,234.5,7,Becoming cloudy in the afternoon with afternoon rain.
2024-05-26,71.7,53.3,61.8,31.1,0,,0,0,41.4,34.4,283,1013.3,14.4,304.3,10,Clear conditions throughout the day.
2024-05-27,77.1,51.5,65.1,31.1,0,,0,0,18.3,10.2,102.4,1020.5,0.1,325.3,10,Clear conditions throughout the day.
2024-05-28,80.7,49.9,64.2,37.6,0,rain,0,0,17.2,10.3,350.8,1023.2,10,313.3,10,Clear conditions throughout the day.
2024-05-29,79.1,51.7,66.8,44.5,0,,0,0,23,14.9,288,1017.6,2.1,243.3,10,Clear conditions throughout the day.
2024-05-30,79,53.5,67.7,35.9,4.17,rain,0,0,21.9,13.4,126.4,1016.7,15.4,273,10,Clear conditions throughout the day with late afternoon rain.
2024-05-31,68.1,51.9,58.9,64.3,0,rain,0,0,18.3,10,339.3,1019.2,39.4,215.8,10,Partly cloudy throughout the day.
2024-06-01,80.7,49.9,67,40.4,0,,0,0,21.9,6.9,51.1,1015.5,8.3,293.3,8,Clear conditions throughout the day.
2024-06-02,86.1,53.4,68.9,34.7,0,,0,0,29.8,15.9,289.7,1011.7,0.2,235.5,9,Clear conditions throughout the day.
2024-06-03,86,53.4,71.1,30.9,0,,0,0,26.4,16.9,235.3,1009.6,8.1,183.1,8,Clear conditions throughout the day.
2024-06-04,82.4,62.5,73.4,25.8,0,,0,0,36.2,25.4,273.7,1011.5,15.4,273.3,10,Clear conditions throughout the day.
2024-06-05,89.7,60.7,76.7,23,0,,0,0,28.5,17.7,281.1,1015.6,0,351,10,Clear conditions throughout the day.
2024-06-06,87.9,55.5,73.1,36.8,0,,0,0,16.1,7,55.4,1019.7,0,356.2,10,Clear conditions throughout the day.
2024-06-07,93.3,58.9,76.5,31.9,0,rain,0,0,32.2,21.4,274.6,1014.7,2.1,256.9,8,Clear conditions throughout the day.
2024-06-08,82.4,60.8,69.4,52,4.17,rain,0,0,28,18.5,37.6,1017,20.2,207.5,9,Becoming cloudy in the afternoon with late afternoon rain.
2024-06-09,75.3,52,64.3,77.1,4.17,rain,0,0,17.2,12.7,328.5,1020.2,41.7,241.3,10,Partly cloudy throughout the day with late afternoon rain.
2024-06-10,82.5,57.2,68.3,65.1,0,rain,0,0,19.7,14.7,191,1016.8,27.5,254.6,9,Partly cloudy throughout the day.
2024-06-11,87.9,58.9,72,50.1,0,,0,0,31.1,6.9,102.1,1018.2,6.2,335.1,9,Clear conditions throughout the day.
2024-06-12,95.1,60.7,78.6,25.9,0,rain,0,0,47.2,16.9,244,1017.2,0.1,338.3,10,Clear conditions throughout the day.
2024-06-13,96.9,65.9,81.2,26.4,0,,0,0,26.4,14,69.2,1018.8,2.1,325.6,10,Clear conditions throughout the day.
2024-06-14,78.8,60.7,69.8,59.2,0,rain,0,0,35.8,12.5,323.6,1019.6,29.5,172.9,8,Becoming cloudy in the afternoon.
2024-06-15,91.5,55.3,74.3,50.8,0,,0,0,50.8,9.3,101.1,1013.4,16.2,284.9,10,Clear conditions throughout the day.
2024-06-16,82.6,58.9,71.8,37.7,0,,0,0,50.8,7.9,17.2,1010.5,0,258.6,9,Clear conditions throughout the day.
2024-06-17,86.2,55.3,71.3,55,0,rain,0,0,43.8,15.1,302.8,1004.3,18.1,249.1,10,Clear conditions throughout the day.
2024-06-18,78.7,57.2,66.5,26.6,0,,0,0,39.1,13.8,131.7,1011.4,20,346.5,9,Partly cloudy throughout the day.
2024-06-19,73.4,49.9,61.9,48.4,0,rain,0,0,49.4,10.4,28.6,1022.5,56,214.4,9,Partly cloudy throughout the day.
2024-06-20,89.4,55.3,70,57,0,rain,0,0,48.3,11.4,308.5,1020.4,23.3,242,8,Becoming cloudy in the afternoon.
2024-06-21,84,60.7,70.8,58.1,4.17,rain,0,0,39.1,11.5,133.7,1019.3,31.2,288.5,9,Partly cloudy throughout the day with early morning rain.
2024-06-22,89.4,55.3,73.5,37.3,0,,0,0,42.5,16.2,288.4,1020.7,15.8,260.5,10,Clear conditions throughout the day.
2024-06-23,96.6,69.6,81.6,23.1,0,,0,0,31.1,21.9,118.8,1019.4,6.3,296.6,10,Clear conditions throughout the day.
2024-06-24,98.6,67.9,80.5,26.4,4.17,rain,0,0,39.1,16.1,322.6,1017.3,8.1,230.9,10,Clear conditions throughout the day with afternoon rain.
2024-06-25,98.6,62.5,79.6,28.1,0,,0,0,39.1,17.2,337,1018.3,2.3,262,10,Clear conditions throughout the day.
2024-06-26,85.8,62.5,72.1,54.5,12.5,rain,0,0,39.1,9.2,12.3,1021.3,20.1,231.9,10,Becoming cloudy in the afternoon with rain.
2024-06-27,91.2,62.5,74.8,52.7,0,rain,0,0,58.8,32.2,267.2,1013.4,20.1,174.7,9,Partly cloudy throughout the day.
2024-06-28,91.4,71.4,79.2,26.4,0,,0,0,50.8,22,275.1,1012.3,20,281.4,10,Becoming cloudy in the afternoon.
2024-06-29,80.4,58.9,69.4,36.7,0,rain,0,0,28.9,10.3,29.7,1025,16.4,291.8,10,Clear conditions throughout the day.
2024-06-30,89.4,60.7,74.2,49.8,0,rain,0,0,42.5,15,299,1022.2,13.9,306.9,9,Clear conditions throughout the day.
2024-07-01,85.8,67.8,75,43.5,0,rain,0,0,43.8,19.6,263.4,1016.4,41.5,128.3,8,Partly cloudy throughout the day.
2024-07-02,87.8,62.4,74.7,35.6,4.17,rain,0,0,39.1,19.7,258.5,1017.8,41.4,342.3,10,Partly cloudy throughout the day with early morning rain.
2024-07-03,91.2,55.3,74.6,26.8,0,,0,0,50.8,17.3,269,1017.3,6.2,344.1,10,Clear conditions throughout the day.
2024-07-04,80.4,46,67,37.4,0,,0,0,43.8,10.4,57.8,1023.7,0.7,330.4,10,Clear conditions throughout the day.
2024-07-05,77.3,57.1,67.7,33,4.17,rain,0,0,34.4,9.2,21.6,1024.8,7.4,307.9,10,Clear conditions throughout the day with morning rain.
2024-07-06,89.7,56.8,76,22.8,0,,0,0,26.4,15.8,257,1017.7,0.1,332.6,10,Clear conditions throughout the day.
2024-07-07,77,58.9,65.1,49.2,12.5,rain,0,0,35.8,19.3,28.2,1022.2,47.6,251.2,10,Partly cloudy throughout the day with rain.
2024-07-08,82.5,50.1,68.2,43.2,0,,0,0,12.8,5.7,145.4,1022.9,3.9,351.5,9,Clear conditions throughout the day.
2024-07-09,86.1,57,72.7,31.1,0,rain,0,0,19.7,10,283.9,1021.8,6.6,215.5,8,Clear conditions throughout the day.
2024-07-10,91.6,62.4,76.5,25.6,0,,0,0,15,9,286.7,1023.1,1.9,307.2,9,Clear conditions throughout the day.
2024-07-11,97,60.6,79.9,24.6,0,rain,0,0,23,9.4,200.8,1021.2,0,312.8,10,Clear conditions throughout the day.
2024-07-12,100.4,62.3,82.8,24,0,,0,0,20.8,12.7,1.4,1019.4,1.9,279.2,10,Clear conditions throughout the day.
2024-07-13,98.5,66.1,81.3,27.9,0,,0,0,24.2,6.9,23.5,1022.4,0.1,286.2,9,Clear conditions throughout the day.
2024-07-14,98.8,67.9,83.4,24,0,,0,0,21.9,10,261,1022.3,2.8,184.5,8,Clear conditions throughout the day.
2024-07-15,93.5,67.9,79.1,34.8,12.5,rain,0,0,24.2,12.3,62.3,1020.8,20.7,215,9,Partly cloudy throughout the day with afternoon rain.
2024-07-16,86.1,60.9,73.8,44.8,0,rain,0,0,18.5,13.9,318,1021.9,23,247.3,10,Partly cloudy throughout the day.
2024-07-17,84.5,60.9,72.4,41.8,0,rain,0,0,18.8,12.8,57.5,1025.7,24.2,233,9,Becoming cloudy in the afternoon.
2024-07-18,87.6,58.9,71.8,50.5,0,rain,0,0,21.9,10.2,280.2,1024.6,13.6,238.1,10,Clear conditions throughout the day.
2024-07-19,85.6,62.4,73.2,39.6,0,rain,0,0,31.8,20,304.1,1023.5,29.3,176,8,Partly cloudy throughout the day.
2024-07-20,86.1,59.2,71.9,47.7,8.33,rain,0,0,22.9,7.6,12,1026.3,23.2,297.7,9,Partly cloudy throughout the day with late afternoon rain.
2024-07-21,79,59.1,68.7,54.6,0,rain,0,0,11.4,11.1,243,1026.8,49,226.1,10,Partly cloudy throughout the day.
2024-07-22,82.7,55.4,70.7,41.4,0,,0,0,25.3,9.7,222.8,1024.5,7.6,277.6,8,Clear conditions throughout the day.
2024-07-23,88,59,75.1,32.2,0,,0,0,11.4,9.1,169.9,1023.9,0,269.9,9,Clear conditions throughout the day.
2024-07-24,95,62.3,77.9,28.7,0,,0,0,9.2,8.7,221.1,1025.7,0,267,9,Clear conditions throughout the day.
2024-07-25,97,62.2,80.9,25.7,0,,0,0,16.1,10,145.9,1023.6,0,315,9,Clear conditions throughout the day.
2024-07-26,87.8,67.8,76.5,36.2,0,rain,0,0,27.3,14,200.1,1019.2,28.5,169.1,8,Becoming cloudy in the afternoon.
2024-07-27,89.7,62.5,75.2,47.6,0,rain,0,0,34.4,9.2,103,1015.2,11.6,261.4,9,Clear conditions throughout the day.
2024-07-28,95.1,60.8,77.8,35.5,0,,0,0,23,17.8,280.5,1016,2.2,335,9,Clear conditions throughout the day.
2024-07-29,97,61,80.7,24.1,0,,0,0,24.2,9.7,182.5,1017.3,0,349.8,9,Clear conditions throughout the day.
2024-07-30,97,71.1,84.9,14.6,0,,0,0,28.6,12.7,219.3,1016,0,233,9,Clear conditions throughout the day.
2024-07-31,95.2,64.2,80.5,20.1,0,,0,0,16.1,9.3,85.2,1019.5,2.4,314.8,9,Clear conditions throughout the day.
2024-08-01,97,62.4,79.5,27.7,0,rain,0,0,11.4,7.9,1,1025.3,0,317.8,9,Clear conditions throughout the day.
2024-08-02,96.9,64.3,81.2,28.8,0,,0,0,30,12.7,30,1025.9,0.1,267.5,9,Clear conditions throughout the day.
2024-08-03,95.2,64.1,80.2,28.4,0,,0,0,17.2,11.1,47.4,1024.6,0,320.8,9,Clear conditions throughout the day.
2024-08-04,95.1,66.1,79.6,30.9,0,rain,0,0,32.2,19.5,245.4,1020.8,16.2,211.5,9,Clear conditions throughout the day.
2024-08-05,90,69.9,79.1,36.4,0,rain,0,0,27.7,16.6,211.5,1023.3,11.9,228.8,10,Clear conditions throughout the day.
2024-08-06,91.5,62.6,75.9,47.4,4.17,rain,0,0,29.4,15.8,191.7,1023.7,3.9,282.5,9,Clear conditions throughout the day with afternoon rain.
2024-08-07,89.4,62.5,75.6,45.3,4.17,rain,0,0,23,14.9,101.2,1020.2,4.4,205.2,10,Clear conditions throughout the day with afternoon rain.
2024-08-08,66.2,59.1,60.9,93.2,8.33,rain,0,0,11.4,11,8.4,1025.5,83.3,35.5,2,Partly cloudy throughout the day with rain in the morning and afternoon.
2024-08-09,68.2,55.6,60.1,90.7,0,rain,0,0,31.1,9.1,15.1,1025.4,75.5,56.3,2,Partly cloudy throughout the day.
2024-08-10,78.8,55.5,65.4,75.2,8.33,rain,0,0,34.3,25.4,68.7,1023.7,41,211.4,9,Partly cloudy throughout the day with afternoon rain.
2024-08-11,86.3,59.2,71,55.3,0,rain,0,0,25.3,16.7,261.8,1021.1,23.7,137.8,10,Clearing in the afternoon.
2024-08-12,86.1,60.7,73.1,52.1,0,rain,0,0,17.2,11.3,12.7,1021.4,14.6,280.5,9,Clear conditions throughout the day.
2024-08-13,86.1,61.5,69.3,72.2,8.33,rain,0,0,20.8,11.6,341.6,1019.7,42.4,150.4,6,Becoming cloudy in the afternoon with afternoon rain.
2024-08-14,88,59,70.9,54.1,0,,0,0,27.5,11,265.3,1019.8,24.3,229.9,9,Becoming cloudy in the afternoon.
2024-08-15,84.5,60.7,72.6,35,4.17,rain,0,0,43.8,11.1,353.7,1022.3,8,256.1,9,Clear conditions throughout the day with late afternoon rain.
2024-08-16,91.5,57.4,73.2,53.1,4.17,rain,0,0,25.3,7.9,176.9,1021.8,7.8,316.7,9,Clear conditions throughout the day with early morning rain.
2024-08-17,95.3,60.5,78.8,28.7,0,,0,0,40.8,21.8,225.9,1021,8.2,207.3,9,Clear conditions throughout the day.
2024-08-18,95,66.1,80.7,29.8,0,rain,0,0,36.9,19.6,237.7,1022.1,24,268.6,9,Partly cloudy throughout the day.
2024-08-19,87.9,66.4,75.9,43.8,4.17,rain,0,0,20.8,12.5,302.3,1023.9,19.8,186,7,Clear conditions throughout the day with afternoon rain.
2024-08-20,95.1,60.9,77.3,42.7,0,,0,0,11.4,7.9,143.6,1023.3,6.1,276.5,9,Clear conditions throughout the day.
2024-08-21,91.6,64.2,78.8,32.3,0,rain,0,0,32,9.9,230.9,1020.7,7.4,163.9,8,Clear conditions throughout the day.
2024-08-22,86.2,64.5,73.6,42.2,0,,0,0,19.7,13.1,263.5,1021.2,43.9,122.4,7,Partly cloudy throughout the day.
2024-08-23,84.1,60.6,70.9,55.3,4.17,rain,0,0,13.9,7.7,354,1019.9,25.5,190.3,8,Becoming cloudy in the afternoon with afternoon rain.
2024-08-24,86.1,60.7,72.5,54.1,8.33,rain,0,0,32.2,18.5,221.3,1020.1,13.8,157.8,7,Clear conditions throughout the day with afternoon rain.
2024-08-25,88,59.1,73.5,45.9,12.5,rain,0,0,24.3,14.8,229.6,1022.8,30,233.3,8,Partly cloudy throughout the day with late afternoon rain.
2024-08-26,80.6,59.1,68.9,62.4,0,rain,0,0,38,9.3,324.7,1025.8,17.3,202.2,7,Clear conditions throughout the day.
2024-08-27,85.8,57,71.5,36.4,0,,0,0,26.4,11.5,30.5,1021.7,11.8,295.7,9,Clear conditions throughout the day.
2024-08-28,91.3,58.5,74.8,34.2,0,,0,0,33.3,9.2,119.3,1019.1,2.5,255.9,8,Clear conditions throughout the day.
2024-08-29,82.4,60.5,72.1,30.8,0,,0,0,34.4,11.8,50.8,1021.5,7.9,241.3,9,Clear conditions throughout the day.
2024-08-30,81.1,54.9,68,40.4,0,,0,0,11.4,6.9,64.5,1016.7,12.3,297.4,9,Clear conditions throughout the day.
2024-08-31,89.5,55,72.3,28.5,0,,0,0,33.3,6.8,24.5,1025.5,0,284.9,8,Clear conditions throughout the day.
2024-09-01,87.9,55.8,73.6,26.5,0,,0,0,35.8,6.7,130.4,1026.7,0,290.4,9,Clear conditions throughout the day.
2024-09-02,89.8,55.1,72.2,29,0,,0,0,17.2,11.9,235.7,1023.6,0,232,8,Clear conditions throughout the day.
2024-09-03,91.6,56.9,75.1,28.3,0,,0,0,27.7,8,126.4,1021,0.1,175.5,6,Clear conditions throughout the day.
2024-09-04,82.5,60.7,71.1,38.9,4.17,rain,0,0,36.9,15.9,131.4,1025.7,32.8,172.3,8,Becoming cloudy in the afternoon with late afternoon rain.
2024-09-05,73.6,53.6,62.5,64.8,12.5,rain,0,0,36.9,6.9,250.6,1032.3,34.5,218.2,9,Partly cloudy throughout the day with early morning rain.
2024-09-06,82.2,47.9,67.5,39.3,0,,0,0,11.4,6.9,291.9,1029.3,0.1,277.5,8,Clear conditions throughout the day.
2024-09-07,85.9,55,70.2,33.3,0,,0,0,26.4,12.1,227.2,1023.8,0.7,256.6,8,Clear conditions throughout the day.
2024-09-08,87.5,55.3,69.7,34.3,0,,0,0,41.4,14.4,285.3,1019.1,8.1,230.6,8,Clear conditions throughout the day.
